[
  {
    "Key": "KineticDuelist.Name",
    "ProcessTemplates": false,
    "enGB": "Kinetic Duelist",
    "zhCN": "斗念使"
  },

  {
    "Key": "KineticDuelist.Description",
    "enGB": "In the more martial minded parts of the world, the way of the kinetic duelist is drilled into the training regimens of any potential kineticist, wanting to train them for conflict as soon as possible. Their training often emphasizes their fondness for individual combat. The art of the kinetic duelist can also be sneaky and swift, as a warrior who can carry a blade at all times without suspicion is a valuable soldier. Kinetic duelists themselves are more prone to fighting a single opponent, and abstain from larger combat whenever possible.",
    "zhCN": "在尚武的地区，斗念之道被深深刻进了每一位潜在操念使的训练方案中，以便尽快为冲突做好准备。他们的训练往往热衷于单打独斗。作为能够随时携带武器而不引起怀疑的战士，斗念使也能展现出狡猾而迅速的武艺。斗念使本身更倾向于与单个对手战斗，并尽可能避免参与大规模的作战。"
  },

  {
    "Key": "KineticDuelist.Proficiencies",
    "ProcessTemplates": false,
    "enGB": "Kinetic Duelist Proficiencies",
    "zhCN": "斗念使擅长"
  },

  {
    "Key": "KineticDuelist.Proficiencies.Description",
    "enGB": "Kinetic duelists are proficient with all simple weapons, light armor, medium armor, and bucklers.",
    "zhCN": "斗念使擅长使用所有简易武器、轻型盔甲、中型盔甲和小圆盾。"
  },

  {
    "Key": "KineticDuelist.KineticBlade",
    "ProcessTemplates": false,
    "enGB": "Kinetic Blade",
    "zhCN": "念力之刃"
  },

  {
    "Key": "KineticDuelist.KineticBlade.Description",
    "enGB": "At 1st level, a kinetic duelist begins along their martial path. As a free action costing 0 point of burn, they can channel their power into one of their hands for as long as they wish, dismissing it as a free action. A kinetic duelist may attack with this energy as though using the kinetic blade infusion, as well as being able to make attacks of opportunity with it. This ability is considered as kinetic blast as well as kinetic blade for all effects relating to it. When choosing an infusion, a kinetic duelist cannot choose form infusions that are beyond 1st level and do not list kinetic blade as a prerequisite.",
    "zhCN": "1级时，斗念使便踏上了武斗之路。以一个消耗0点超载值的自由动作，他们可以将自己的能量引导到其中一只手中，持续时间无限，以自由动作解除。斗念使可以像使用念刃一样用这股能量攻击，也可以用其发动借机攻击。对于相关的所有效果，这个能力被同时视为念袭和念刃。斗念使在选择注能时，不能选择等级超过1级且不以念刃为前置的塑形注能。"
  },

  {
    "Key": "KineticDuelist.KineticDualBladesFeature",
    "ProcessTemplates": false,
    "enGB": "Kinetic Dual Blades",
    "zhCN": "斗念双刃"
  },

  {
    "Key": "KineticDuelist.KineticDualBladesFeature.Description",
    "enGB": "At 3rd level, a kinetic duelist receives Two-Weapon Fighting as a bonus feat.\nWhen using the kinetic blade form infusion, a kinetic duelist can form a second kinetic blade in their off hand by increasing the burn cost by 1, and treating both blades as light weapons for the purpose of two-weapon fighting.\nThis ability replaces the 3rd-level infusion.",
    "zhCN": "3级时，斗念使获得额外专长双武器战斗。\n通过在使用念刃塑形注能时将超载值提高1点，斗念使可以在副手中形成第二把念刃，并在双武器战斗时将两把念刃都视为轻型武器。\n此能力替换了3级时获得的注能。"
  },

  {
    "Key": "KineticDuelist.KineticDualBladesAbility",
    "ProcessTemplates": false,
    "enGB": "Kinetic Dual Blades",
    "zhCN": "斗念双刃"
  },

  {
    "Key": "KineticDuelist.KineticDualBladesAbility.Description",
    "enGB": "You increase the burn cost of kinetic blade by 1 to make a second blade in your off hand.\n(Note: this effect applys when activing kinetic blades, and resets after dismissing kinetic blades.)",
    "zhCN": "你将念刃的超载值提高1点以在副手中形成第二把念刃。\n（注：此效果在激活念刃时生效，在解除念刃后重置。）"
  },

  {
    "Key": "KineticDuelist.KineticDualBladesBuff",
    "ProcessTemplates": false,
    "enGB": "Kinetic Dual Blades",
    "zhCN": "斗念双刃"
  },

  {
    "Key": "KineticDuelist.KineticDualBladesBuff.Description",
    "enGB": "You increase the burn cost of kinetic blade by 1 to make a second blade in your off hand.",
    "zhCN": "你将念刃的超载值提高1点以在副手中形成第二把念刃。"
  },

  {
    "Key": "KineticDuelist.ImprovedKineticDualBlades",
    "ProcessTemplates": false,
    "enGB": "Improved Kinetic Dual Blades",
    "zhCN": "精通斗念双刃"
  },

  {
    "Key": "KineticDuelist.ImprovedKineticDualBlades.Description",
    "enGB": "At 9th level, a kinetic duelist gains a second attack at their full base attack bonus -5 with the second kinetic blade when using kinetic dual blades.\nIf a kinetic duelist had already gained a second off-hand attack from similar abilities such as Improved Two-Weapon Fighting, this ability does not stack with those.\nThis ability replaces the 9th-level infusion.",
    "zhCN": "9级起，斗念使可以在使用斗念双刃时，用第二把念刃以最高基础攻击加值-5进行第二次攻击。\n如果斗念使已经通过其他类似的能力获得了第二次副手攻击，例如精通双武器战斗，此能力不与其叠加。\n此能力替换了9级时获得的注能。"
  },

  {
    "Key": "KineticDuelist.SynchronousChargeFeature",
    "ProcessTemplates": false,
    "enGB": "Synchronous Charge",
    "zhCN": "同步聚合"
  },

  {
    "Key": "KineticDuelist.SynchronousChargeFeature.Description",
    "enGB": "At 11th level, a kinetic duelist can recover 1 point of burn they accepted this turn upon their first hit during a full attack using kinetic blades.\nThis ability replaces supercharge.",
    "zhCN": "11级起，斗念使可以在念刃整轮攻击首次命中时，恢复本轮中已承受的1点超载值。\n此能力替换了超聚合。"
  },

  {
    "Key": "KineticDuelist.KineticAssaultFeature",
    "ProcessTemplates": false,
    "enGB": "Kinetic Assault",
    "zhCN": "念力突袭"
  },

  {
    "Key": "KineticDuelist.KineticAssaultFeature.Description",
    "enGB": "At 13th level, a kinetic duelist gains the Kinetic Assault form infusion. \nThis ability replaces  metakinesis (quicken).",
    "zhCN": "13级时，斗念使获得念力突袭塑形注能。\n此能力替换了超念（瞬发）。"
  },

  {
    "Key": "KineticDuelist.KineticAssaultAbility",
    "ProcessTemplates": false,
    "enGB": "Kinetic Assault",
    "zhCN": "念力突袭"
  },

  {
    "Key": "KineticDuelist.KineticAssaultAbility.Description",
    "enGB": "Element(s): universal\nType: form infusion\nLevel: 5\nBurn: 3\nPrerequisite(s): kinetic blade, kinetic duelist 13th\nAssociated Blasts: any\nSaving Throw: none\nYou are capable of putting incredible power into a charge. As a full round action, you can make a charge attack using the kinetic blade infusion; the movement from this charge does not provoke an attack of opportunity. If this attack is successful, the damage is automatically maximized. If you are using kinetic dual blades, you can make an additional attack at the end of your charge using your off hand kinetic blade.",
    "zhCN": "元素：通用\n类别：塑形注能\n等级：5\n超载：3\n前置：念刃，斗念使13级\n关联念袭类别：任意\n豁免检定：无\n你能以惊人的力量发起冲锋。以一个整轮动作，你可以用念刃发动一次冲锋攻击；冲锋过程中的移动不会引发借机攻击。如果攻击成功，伤害自动最大化。如果你正在使用斗念双刃，你可以在冲锋结束后用副手念刃额外攻击一次。"
  },

  {
    "Key": "KineticDuelist.KineticAssaultBuff",
    "ProcessTemplates": false,
    "enGB": "Kinetic Assault",
    "zhCN": "念力突袭"
  },

  {
    "Key": "KineticDuelist.KineticAssaultBuff.Description",
    "enGB": "As a full round action, you can make a charge attack using the kinetic blade infusion; the movement from this charge does not provoke an attack of opportunity. If this attack is successful, the damage is automatically maximized. If you are using kinetic dual blades, you can make an additional attack at the end of your charge using your off hand kinetic blade.",
    "zhCN": "你能以惊人的力量发起冲锋。以一个整轮动作，你可以用念刃发动一次冲锋攻击；冲锋过程中的移动不会引发借机攻击。如果攻击成功，伤害自动最大化。如果你正在使用斗念双刃，你可以在冲锋结束后用副手念刃额外攻击一次。"
  },

  {
    "Key": "KineticDuelist.GreaterKineticDualBlades",
    "ProcessTemplates": false,
    "enGB": "Greater Kinetic Dual Blades",
    "zhCN": "高等斗念双刃"
  },

  {
    "Key": "KineticDuelist.GreaterKineticDualBlades.Description",
    "enGB": "At 15th level, a kinetic duelist gains a third attack at their full base attack bonus -10 with the second kinetic blade when using kinetic dual blades.\nIf a kinetic duelist had already gained a third off-hand attack from similar abilities such as Greater Two-Weapon Fighting, this ability does not stack with those.",
    "zhCN": "15级起，斗念使可以在使用斗念双刃时，用第二把念刃以最高基础攻击加值-10进行第三次攻击。\n如果斗念使已经通过其他类似的能力获得了第三次副手攻击，例如高等双武器战斗，此能力不与其叠加。"
  },

  {
    "Key": "KineticDuelist.DualBlades2ndAttackBuff",
    "ProcessTemplates": false,
    "enGB": "Improved Kinetic Dual Blades",
    "zhCN": "精通斗念双刃"
  },

  {
    "Key": "KineticDuelist.DualBlades2ndAttackBuff.Description",
    "enGB": "At 9th level, a kinetic duelist gains a second attack at their full base attack bonus -5 with the second kinetic blade when using kinetic dual blades.",
    "zhCN": "9级起，斗念使可以在使用斗念双刃时，用第二把念刃以最高基础攻击加值-5进行第二次攻击。"
  },

  {
    "Key": "KineticDuelist.DualBlades3rdAttackBuff",
    "ProcessTemplates": false,
    "enGB": "Greater Kinetic Dual Blades",
    "zhCN": "高等斗念双刃"
  },

  {
    "Key": "KineticDuelist.DualBlades3rdAttackBuff.Description",
    "enGB": "At 15th level, a kinetic duelist gains a third attack at their full base attack bonus -10 with the second kinetic blade when using kinetic dual blades.",
    "zhCN": "15级起，斗念使可以在使用斗念双刃时，用第二把念刃以最高基础攻击加值-10进行第三次攻击。"
  },

  {
    "Key": "CinderAdept.Name",
    "ProcessTemplates": false,
    "enGB": "Cinder Adept",
    "zhCN": "薪火驭者"
  },

  {
    "Key": "CinderAdept.Description",
    "enGB": "Among the Sun Clan’s most noted champions are those who can tame the flames and bend them to their will. These kineticists are skilled riders, able to wield both weapons and fire with deadly skill.",
    "zhCN": "在烈阳部族最出名的勇士中，有些人能够驯服火焰，并将其按自己的意愿驾驭。这些操念使是老练的骑手，能够运用武器和火焰展现致命的技巧。"
  },

  {
    "Key": "CinderAdept.FireFocus",
    "ProcessTemplates": false,
    "enGB": "Fire Focus",
    "zhCN": "火焰专攻"
  },

  {
    "Key": "CinderAdept.FireFocus.Description",
    "enGB": "When a Cinder adept gains elemental focus, she must select fire (pyrokinesis) as her chosen element. When she gains the expanded element class feature at 7th level, she must select her primary element of fire and does not learn to use a new element.",
    "zhCN": "薪火驭者在选择元素专攻时，必须选择火作为她的首要元素。当薪火驭者在7级获得元素扩展时，她必须再次选择火，而不是选择一个新元素。"
  },

  {
    "Key": "CinderAdept.GallopingSiphon",
    "ProcessTemplates": false,
    "enGB": "Galloping Siphon",
    "zhCN": "奔腾虹吸"
  },

  {
    "Key": "CinderAdept.GallopingSiphon.Description",
    "enGB": "When a Cinder adept gathers power while mounted, she and her mount gain fire resistance 5 for a number of rounds equal to the total value of the burn cost she reduces. This resistance increases to fire resistance 10 at 11th level. The Cinder adept and her mount lose this resistance if she dismounts before the duration ends.\nIn addition, a Cinder adept gains Mounted Combat as a bonus feat and a +1 bonus on concentration checks due to riding. This bonus increases by +1 at 4th level and every 4 levels thereafter (up to a maximum of +6 at 20th level).\nThis alters replaces the infusion gained at 1st level.",
    "zhCN": "每当薪火驭者在骑乘时使用念力凝聚，她和她的坐骑都会在相当于超载降低值的轮数内获得5点火焰抗性。此抗性在11级时提高至10点。若薪火驭者在持续时间内下鞍，她和她的坐骑都会失去此抗性。\n此外，薪火驭者获得额外专长骑乘战斗，且她在骑乘时的专注检定获得+1加值。此加值在4级以及之后每提升4级时提高1点，在20级时最多提高至+6。\n此能力替换了1级时获得的注能。"
  },

  {
    "Key": "CinderAdept.GallopingSiphonBuff",
    "ProcessTemplates": false,
    "enGB": "Galloping Siphon",
    "zhCN": "奔腾虹吸"
  },

  {
    "Key": "CinderAdept.GallopingSiphonBuff.Description",
    "enGB": "When a Cinder adept gathers power while mounted, she and her mount gain fire resistance 5 for a number of rounds equal to the total value of the burn cost she reduces. This resistance increases to fire resistance 10 at 11th level. The Cinder adept and her mount lose this resistance if she dismounts before the duration ends.",
    "zhCN": "每当薪火驭者在骑乘时使用念力凝聚，她和她的坐骑都会在相当于超载降低值的轮数内获得5点火焰抗性。此抗性在11级时提高至10点。若薪火驭者在持续时间内下鞍，她和她的坐骑都会失去此抗性。"
  },

  {
    "Key": "CinderAdept.Mount",
    "ProcessTemplates": false,
    "enGB": "Mount",
    "zhCN": "坐骑"
  },

  {
    "Key": "CinderAdept.Mount.Description",
    "enGB": "At 4th level, a Cinder adept gains a loyal mount. This ability functions like the druid's animal companion ability, except that the Cinder adept always gains a horse and her effective druid level is equal to her level –3.\nThis replaces the utility wild talents gained at 4th, 8th, and 12th levels.",
    "zhCN": "4级时，薪火驭者获得一匹忠诚的坐骑。此能力类似德鲁伊的动物伙伴，区别在于薪火驭者必须选择马，并且以其等级-3作为有效德鲁伊等级。\n此能力替换了4、8、12级时获得的辅助原力。"
  },

  {
    "Key": "EsotericBlade.Name",
    "ProcessTemplates": false,
    "enGB": "Esoteric Blade",
    "zhCN": "秘刃"
  },

  {
    "Key": "EsotericBlade.Description",
    "enGB": "Rare do fighters find themselfs connected to the elemental plane. For those who possess a connection not too weak to allow for channelling powers, they always choose to wield manipulated elemental energy as a preferred option over any manufactured weapon.",
    "zhCN": "很少有战士能与元素位面产生联系。对于能通过足够强的位面联系汲取力量的人来说，他们总是更喜欢挥舞操纵后的元素能量，而不是人造武器。"
  },

  {
    "Key": "EsotericBlade.KineticBlade",
    "ProcessTemplates": false,
    "enGB": "Energy Kinetic Blade",
    "zhCN": "能量念刃"
  },

  {
    "Key": "EsotericBlade.KineticBlade.Description",
    "enGB": "At 1st level, an esoteric blade can choose a kineticist element that has an energy blast. He gains the energy kinetic blade associated with his chosen element instead of the energy simple blast, and it costs 0 points of burn. An esoteric blade adds his fighter level to his kineticist level for the purpose of determining the damage of the energy kinetic blade, as well as for caster level checks made to overcome a creature's spell resistance. If an esoteric blade does not have kineticist levels, he can never accept burn, but can use his strength modifier in place of constitution modifier for the damage of the energy kinetic blade.\nThis ability replaces the bonus combat feat gained at 1st level.",
    "zhCN": "1级时，秘刃可以选择一种有能量念袭的操念使元素。他获得与所选元素关联的能量念刃，而不是简易能量念袭，并且该念刃消耗0点超载值。在计算能量念刃伤害以及用于突破法术抗力进行施法者检定时，秘刃将其战士等级加在操念使等级上。若秘刃没有操念使等级，他将永远无法承受超载，但可以用力量调整值代替体质调整值计算能量念刃的伤害。\n此能力替换了1级时获得的额外战斗专长。"
  },

  {
    "Key": "EsotericBlade.ElementSelection",
    "ProcessTemplates": false,
    "enGB": "Select An Element",
    "zhCN": "选择元素"
  },

  {
    "Key": "EsotericBlade.ConstantEnergy",
    "ProcessTemplates": false,
    "enGB": "Constant Energy",
    "zhCN": "恒常能量"
  },

  {
    "Key": "EsotericBlade.ConstantEnergy.Description",
    "enGB": "At 4th level, an esoteric blade can maintain a steady stream of energy to keep the energy kinetic blade for as long as he wishes, alleviating the limitations on the actions he can take while wielding the energy kinetic blade. This allows him to perform attacks of opportunity with kinetic blades, and use combat feats with the energy kinetic blade that are normally inapplicable to it.\nThese combat feats include: Cleaving Finish, Improved Cleaving Finish, Vital Strike, Improved Vital Strike, Greater Vital Strike, Vital Strike (Mythic). An esoteric blade still needs to actually possess these feats to benefit from this ability.\nThis ability replaces the bonus combat feat gained at 4th level.",
    "zhCN": "4级时，秘刃可以维持一股稳定的能量流，使能量念刃保持任意长的时间，从而克服了操控能量念刃对其行动的限制。这使他能够用念刃发动借机攻击和一般无法对能量念刃生效的战斗专长。\n这些战斗专长包括：终势斩，精通终势斩，要害打击，精通要害打击，高等要害打击，要害打击（神话）。秘刃仍然需要实际拥有这些专长，才能从此能力中获益。\n此能力替换了4级时获得的额外战斗专长。"
  },

  {
    "Key": "EsotericBlade.CondensedEnergy",
    "ProcessTemplates": false,
    "enGB": "Condensed Energy",
    "zhCN": "凝练能量"
  },

  {
    "Key": "EsotericBlade.CondensedEnergy.Description",
    "enGB": "At 12th level, an esoteric blade masters in manipulating elemental energy into a weapon. He further condenses and constrains the energy into a certain shape manifesting a chosen type of light or one-handed melee weapon. Such densely packed energy changes the critical threat range and critical multiplier of the energy kinetic blade to match the base stats of the chosen weapon type, while the blade remains a light weapon and any attacks made with it are still touch attacks.\nThis ability replaces the bonus combat feats gained at 12th and 20th levels.\n(Note: this ability takes effect via <Change Kinetic Blade's Shape>.)",
    "zhCN": "12级时，秘刃精通于以元素能量塑造武器。他进一步凝练能量并将其限制在某种轻型或单手武器的形状中。如此高密度的能量使念刃的重击威胁范围与重击倍数变为与选定的武器种类的基础值相同。能量念刃仍被视为轻型武器，且用其进行的攻击仍为接触攻击。\n此能力替换了12、20级时获得的额外战斗专长。\n（注：通过<改变念刃形状>来使用此能力。）"
  },

  {
    "Key": "EsotericBlade.WeaponTrainingKineticBlade",
    "ProcessTemplates": false,
    "enGB": "Weaepon Training (Kinetic Blade)",
    "zhCN": "武器训练（念刃）"
  },

  {
    "Key": "EsotericBlade.WeaponTrainingKineticBlade.Description",
    "enGB": "As the fighter class feature, but the bonuses only apply when wielding kinetic blades.\nThis ability replaces Weapon Training 1, 2, 3 and 4.",
    "zhCN": "如同战士职业特性，但是加值只对念刃生效。\n此能力替换了武器训练1，2，3，4。"
  },

  {
    "Key": "KineticArchetypes.ChangeKineticBladeShape",
    "ProcessTemplates": false,
    "enGB": "Change Kinetic Blade's Shape",
    "zhCN": "改变念刃形状"
  },

  {
    "Key": "KineticArchetypes.ChangeKineticBladeShape.Description",
    "enGB": "You can remember the shape of a light or one-handed weapon that you currently hold in your main hand. When you form a kinetic blade, it will be shaped as you have remembered. This is purely cosmetic unless you possess abilities that change the properties of a kinetic blade with its shape.",
    "zhCN": "你可以记住当前以主手持用的轻型或单手武器的形状，念刃将根据你的记忆被塑形。这仅是单纯的装饰，除非你拥有能根据形状改变念刃属性的能力。"
  }



  /*
  {
    "Key": "",
    "enGB": "",
    "zhCN": ""
  }

  */
]