[
  {
    "Key": "KineticDuelist.Name",
    "ProcessTemplates": false,
    "enGB": "Kinetic Duelist",
    "zhCN": "斗念使"
  },

  {
    "Key": "KineticDuelist.Description",
    "enGB": "In the more martial minded parts of the world, the way of the kinetic duelist is drilled into the training regimens of any potential kineticist, wanting to train them for conflict as soon as possible. Their training often emphasizes their fondness for individual combat. The art of the kinetic duelist can also be sneaky and swift, as a warrior who can carry a blade at all times without suspicion is a valuable soldier. Kinetic duelists themselves are more prone to fighting a single opponent, and abstain from larger combat whenever possible.",
    "zhCN": "在尚武的地区，斗念之道被深深刻进了每一位潜在操念使的训练方案中，以便尽快为冲突做好准备。他们的训练往往热衷于单打独斗。作为能够随时携带武器而不引起怀疑的战士，斗念使也能展现出狡猾而迅速的武艺。斗念使本身更倾向于与单个对手战斗，并尽可能避免参与大规模的作战。"
  },

  {
    "Key": "KineticDuelist.Proficiencies",
    "ProcessTemplates": false,
    "enGB": "Kinetic Duelist Proficiencies",
    "zhCN": "斗念使擅长"
  },

  {
    "Key": "KineticDuelist.Proficiencies.Description",
    "enGB": "Kinetic duelists are proficient with all simple weapons, light armor, medium armor, and bucklers.",
    "zhCN": "斗念使擅长使用所有简易武器、轻型盔甲、中型盔甲和小圆盾。"
  },

  {
    "Key": "KineticDuelist.KineticBlade",
    "ProcessTemplates": false,
    "enGB": "Kinetic Blade",
    "zhCN": "念力之刃"
  },

  {
    "Key": "KineticDuelist.KineticBlade.Description",
    "enGB": "At 1st level, a kinetic duelist begins along their martial path. As a free action costing 0 point of burn, they can channel their power into one of their hands for as long as they wish, dismissing it as a free action. A kinetic duelist may attack with this energy as though using the kinetic blade infusion, as well as being able to make attacks of opportunity with it. This ability is considered as kinetic blast as well as kinetic blade for all effects relating to it. When choosing an infusion, a kinetic duelist cannot choose form infusions that are beyond 1st level and do not list kinetic blade as a prerequisite.",
    "zhCN": "1级时，斗念使便踏上了武斗之路。以一个消耗0点超载值的自由动作，他们可以将自己的能量引导到其中一只手中，持续时间无限，以自由动作解除。斗念使可以像使用念刃一样用这股能量攻击，也可以用其发动借机攻击。对于相关的所有效果，这个能力被同时视为念袭和念刃。斗念使在选择注能时，不能选择等级超过1级且不以念刃为前置的塑形注能。"
  },

  {
    "Key": "KineticDuelist.KineticDualBladesFeature",
    "ProcessTemplates": false,
    "enGB": "Kinetic Dual Blades",
    "zhCN": "斗念双刃"
  },

  {
    "Key": "KineticDuelist.KineticDualBladesFeature.Description",
    "enGB": "At 3rd level, a kinetic duelist receives Two-Weapon Fighting as a bonus feat.\nWhen using the kinetic blade form infusion, a kinetic duelist can form a second kinetic blade in their off hand by increasing the burn cost by 1, and treating both blades as light weapons for the purpose of two-weapon fighting.\nThis ability replaces the 3rd-level infusion.",
    "zhCN": "3级时，斗念使获得双武器战斗奖励专长。\n通过在使用念刃塑形注能时将超载值提高1点，斗念使可以在副手中形成第二把念刃，并在双武器战斗时将两把念刃都视为轻型武器。\n此能力替换了3级时获得的注能。"
  },

  {
    "Key": "KineticDuelist.KineticDualBladesAbility",
    "ProcessTemplates": false,
    "enGB": "Kinetic Dual Blades",
    "zhCN": "斗念双刃"
  },

  {
    "Key": "KineticDuelist.KineticDualBladesAbility.Description",
    "enGB": "You increase the burn cost of kinetic blade by 1 to make a second blade in your off hand.\n(Note: this effect applys when activing kinetic blades, and resets after dismissing kinetic blades.)",
    "zhCN": "你将念刃的超载值提高1点以在副手中形成第二把念刃。\n（注：此效果在激活念刃时生效，在解除念刃后重置。）"
  },

  {
    "Key": "KineticDuelist.KineticDualBladesBuff",
    "ProcessTemplates": false,
    "enGB": "Kinetic Dual Blades",
    "zhCN": "斗念双刃"
  },

  {
    "Key": "KineticDuelist.KineticDualBladesBuff.Description",
    "enGB": "You increase the burn cost of kinetic blade by 1 to make a second blade in your off hand.",
    "zhCN": "你将念刃的超载值提高1点以在副手中形成第二把念刃。"
  },

  {
    "Key": "KineticDuelist.ImprovedKineticDualBlades",
    "ProcessTemplates": false,
    "enGB": "Improved Kinetic Dual Blades",
    "zhCN": "精通斗念双刃"
  },

  {
    "Key": "KineticDuelist.ImprovedKineticDualBlades.Description",
    "enGB": "At 9th level, a kinetic duelist gains a second attack at their full base attack bonus -5 with the second kinetic blade when using kinetic dual blades.\nIf a kinetic duelist had already gained a second off-hand attack from similar abilities such as Improved Two-Weapon Fighting, this ability does not stack with those.\nThis ability replaces the 9th-level infusion.",
    "zhCN": "9级起，斗念使可以在使用斗念双刃时，用第二把念刃以最高基础攻击加值-5进行第二次攻击。\n如果斗念使已经通过其他类似的能力获得了第二次副手攻击，例如精通双武器战斗，此能力不与其叠加。\n此能力替换了9级时获得的注能。"
  },

  {
    "Key": "KineticDuelist.SynchronousChargeFeature",
    "ProcessTemplates": false,
    "enGB": "Synchronous Charge",
    "zhCN": "同步聚合"
  },

  {
    "Key": "KineticDuelist.SynchronousChargeFeature.Description",
    "enGB": "At 11th level, a kinetic duelist can recover 1 point of burn they accepted this turn upon their first hit during a full attack using kinetic blades.\nThis ability replaces supercharge.",
    "zhCN": "11级起，斗念使可以在念刃整轮攻击首次命中时，恢复本轮中已承受的1点超载值。\n此能力替换了超聚合。"
  },

  {
    "Key": "KineticDuelist.KineticAssaultFeature",
    "ProcessTemplates": false,
    "enGB": "Kinetic Assault",
    "zhCN": "念力突袭"
  },

  {
    "Key": "KineticDuelist.KineticAssaultFeature.Description",
    "enGB": "At 13th level, a kinetic duelist gains the Kinetic Assault form infusion. \nThis ability replaces  metakinesis (quicken).",
    "zhCN": "13级时，斗念使获得念力突袭塑形注能。\n此能力替换了超念（瞬发）。"
  },

  {
    "Key": "KineticDuelist.KineticAssaultAbility",
    "ProcessTemplates": false,
    "enGB": "Kinetic Assault",
    "zhCN": "念力突袭"
  },

  {
    "Key": "KineticDuelist.KineticAssaultAbility.Description",
    "enGB": "Element(s): universal\nType: form infusion\nLevel: 5\nBurn: 3\nPrerequisite(s): kinetic blade, kinetic duelist 13th\nAssociated Blasts: any\nSaving Throw: none\nYou are capable of putting incredible power into a charge. As a full round action, you can make a charge attack using the kinetic blade infusion; the movement from this charge does not provoke an attack of opportunity. If this attack is successful, the damage is automatically maximized. If you are using kinetic dual blades, you can make an additional attack at the end of your charge using your off hand kinetic blade.",
    "zhCN": "元素：通用\n类别：塑形注能\n等级：5\n超载：3\n前置：念刃，斗念使13级\n关联念袭类别：任意\n豁免检定：无\n你能以惊人的力量发起冲锋。以一个整轮动作，你可以用念刃发动一次冲锋攻击；冲锋过程中的移动不会引发借机攻击。如果攻击成功，伤害自动最大化。如果你正在使用斗念双刃，你可以在冲锋结束后用副手念刃额外攻击一次。"
  },

  {
    "Key": "KineticDuelist.KineticAssaultBuff",
    "ProcessTemplates": false,
    "enGB": "Kinetic Assault",
    "zhCN": "念力突袭"
  },

  {
    "Key": "KineticDuelist.KineticAssaultBuff.Description",
    "enGB": "As a full round action, you can make a charge attack using the kinetic blade infusion; the movement from this charge does not provoke an attack of opportunity. If this attack is successful, the damage is automatically maximized. If you are using kinetic dual blades, you can make an additional attack at the end of your charge using your off hand kinetic blade.",
    "zhCN": "你能以惊人的力量发起冲锋。以一个整轮动作，你可以用念刃发动一次冲锋攻击；冲锋过程中的移动不会引发借机攻击。如果攻击成功，伤害自动最大化。如果你正在使用斗念双刃，你可以在冲锋结束后用副手念刃额外攻击一次。"
  },

  {
    "Key": "KineticDuelist.GreaterKineticDualBlades",
    "ProcessTemplates": false,
    "enGB": "Greater Kinetic Dual Blades",
    "zhCN": "高等斗念双刃"
  },

  {
    "Key": "KineticDuelist.GreaterKineticDualBlades.Description",
    "enGB": "At 15th level, a kinetic duelist gains a third attack at their full base attack bonus -10 with the second kinetic blade when using kinetic dual blades.\nIf a kinetic duelist had already gained a third off-hand attack from similar abilities such as Greater Two-Weapon Fighting, this ability does not stack with those.",
    "zhCN": "15级起，斗念使可以在使用斗念双刃时，用第二把念刃以最高基础攻击加值-10进行第三次攻击。\n如果斗念使已经通过其他类似的能力获得了第三次副手攻击，例如高等双武器战斗，此能力不与其叠加。"
  },

  {
    "Key": "KineticDuelist.DualBlades2ndAttackBuff",
    "ProcessTemplates": false,
    "enGB": "Improved Kinetic Dual Blades",
    "zhCN": "精通斗念双刃"
  },

  {
    "Key": "KineticDuelist.DualBlades2ndAttackBuff.Description",
    "enGB": "At 9th level, a kinetic duelist gains a second attack at their full base attack bonus -5 with the second kinetic blade when using kinetic dual blades.",
    "zhCN": "9级起，斗念使可以在使用斗念双刃时，用第二把念刃以最高基础攻击加值-5进行第二次攻击。"
  },

  {
    "Key": "KineticDuelist.DualBlades3rdAttackBuff",
    "ProcessTemplates": false,
    "enGB": "Greater Kinetic Dual Blades",
    "zhCN": "高等斗念双刃"
  },

  {
    "Key": "KineticDuelist.DualBlades3rdAttackBuff.Description",
    "enGB": "At 15th level, a kinetic duelist gains a third attack at their full base attack bonus -10 with the second kinetic blade when using kinetic dual blades.",
    "zhCN": "15级起，斗念使可以在使用斗念双刃时，用第二把念刃以最高基础攻击加值-10进行第三次攻击。"
  }



  /*
  {
    "Key": "",
    "enGB": "",
    "zhCN": ""
  }

  */
]